title,commentCount
Ask HN: What's your quarantine side project?,2248
Ask HN: What game do you wish existed?,1838
Ask HN: What sub $200 product improved your 2022,1547
Ask HN: What's the worst piece of software you use everyday?,1499
Ask HN: Share your personal site,1392
Ask HN: What are you surprised isn’t being worked on more?,1239
Ask HN: What projects are you working on now?,1235
Ask HN: What are you working on?,1232
Ask HN: Favorite purchases of last two years?,1190
Ask HN: Who is hiring? (March 2018),1187
Ask HN: What's the next big thing that few people are talking about?,1174
Ask HN: What books changed the way you think about almost everything?,1164
Ask HN: What do you want to see in Ubuntu 17.10?,1146
Ask HN: What tech job would let me get away with the least real work possible?,1092
Ask HN: What Lived Up to the Hype?,1091
Ask HN: Cheap places to live with a good intellectual atmosphere?,1088
Ask HN: What's the most valuable thing you can learn in an hour?,1077
Ask HN: A New Decade. Any Predictions?,1071
Ask HN: What do you do with your Raspberry Pi?,1070
Ask HN: Are most of us developers lying about how much work we do?,1064
Ask HN: What're the best-designed things you've ever used?,1064
Ask HN: Is S3 down?,1055
Ask HN: What discontinued company/product do you wish was still around?,1052
Ask HN: Any weird tips for weight loss?,1025
Ask HN: What is the biggest untapped opportunity for startups?,1002
Ask HN: Best books you read in the past decade?,985
Ask HN: What tech were you convinced would take the world by storm but didn't?,983
Ask HN: What are the best-designed things you've ever used?,973
Ask HN: I've been slacking off at Google for 6 years. How can I stop this?,970
Ask HN: How to increase SWE salaries in Europe?,945
Ask HN: Pros and cons of working at a startup in 2018?,939
Ask HN: What is your “I don't care if this succeeds” project?,935
Ask HN: What's a promising area to work on?,918
Ask HN: Concepts that clicked only years after you first encountered them?,913
Ask HN: What is your spiritual practice?,913
Ask HN: Why is Firefox losing marketshare and how would you save it?,906
Ask HN: Pick startups for YC to fund,877
Ask HN: What simple tools or products are you most proud of making?,868
Ask HN: What's the best tool you used to use that doesn't exist anymore?,868
Ask HN: Are you ok?,864
Ask HN: Recommended resources to learn the Linux kernel and OS theory?,864
Ask HN: What Skills to Acquire in 2020?,862


Ask HN: How do you deal with getting old and feeling lost?,850



Ask HN: Anyone know any funny programming jokes?,850
Ask HN: What you up to? (Who doesn't want to be hired?),841
Ask HN: Those making $500/month on side projects in 2021 – Show and tell,839
Ask HN: If you were to switch career, what would you do?,833
Ask HN: Who Wants to Be Fired?,831
Ask HN: Show me your half baked project,820
Ask HN: How can a unhireable person get a job?,819
Ask HN: Name one idea that changed your life,815
Ask HN: What scientific phenomenon do you wish someone would explain better?,813
Ask HN: When did 7 interviews become “normal”?,812



Ask HN: What weird or hard problems are you trying to solve?,812
Ask HN: Which abandoned proprietary software would you resurrect?,807
Ask HN: How do we stop the polarization/toxicicity filling the web?,804
Ask HN: What are some “10x” software product innovations you have experienced?,795
Ask HN: How to learn sales?,793
Ask HN: What’s a good laptop for software development at around $2k?,790
Ask HN: Best way to host a website for 500 years?,787

Ask HN: Why don't I see gold at the end of the remote working rainbow?,787
Ask HN: What are your predictions for 2023?,782
Ask HN: Gmail account security,774
Ask HN: What are you working on and why is it cool?,768
Ask HN: What was your “why didn't I start doing this sooner” moment?,767

Ask HN: Teach me something new,762


Ask HN: Is your company sticking to on-premise servers? Why?,755
Ask HN: Comment here about whatever you're passionate about at the moment,754
Ask HN: What are some cool but obscure data structures you know about?,753
Ask HN: Is there still a place for native desktop apps?,751
Ask HN: If you could work remote where would you live?,742
Ask HN: What is the most impactful thing you've built?,735
(https://news.ycombinator.com/item?id=1025681),732
Ask HN: Anyone else feels the commoditization of real estate is unethical?,731
Ask HN: Has anyone here turned around their life in their 40s?,730
Ask HN: What are you working on?,730
Ask HN: What has your work taught you that other people don't realize?,725
Ask HN: Mind bending books to read and never be the same as before?,719
Ask HN: What does one look for in a laptop these days?,719
Ask HN: What is your money-making side project outside programming?,717
Ask HN: Is UK government insane or genius?,707
Ask HN: What problem in your industry is a potential startup?,706
Ask HN: What non-work task have you automated?,704
Ask HN: Do you hate software engineering but love programming?,702
Ask HN: What would be your stack if you are building an MVP today?,696
Ask HN: Do you think Agile/Scrum is beneficial for software delivery?,695
Ask HN: Anyone tired of everything being a subscription now?,694
Ask HN: How much do you make at Amazon? Here is how much I make at Amazon,691
Ask HN: What interesting problems are you working on?,689
Ask HN: How to stave off decline of HN?,685
Ask HN: What was your best passive income in 2016?,678
Ask HN: Inherited the worst code and tech team I have ever seen. How to fix it?,676
Ask HN: What startup/technology is on your 'to watch' list?,669
Ask HN: Is web programming a series of hacks on hacks?,661
Ask HN: Successful one-person online businesses?,656
Ask HN: What is your blog and why should I read it?,655
Ask HN: Have you created programs for only your personal use?,652
Ask HN: Should HN ban ChatGPT/generated responses?,647
Ask HN: Why is Reddit on mobile so obsessed with making me use their app?,645
Ask HN: Have you been laid off?,645
Ask HN: Why Is Everything Declining?,643
Ask HN: What's the best book you read in 2021?,631
Ask HN: Successful one-person online businesses?,629
Ask HN: Is anyone else glad the crypto market is crashing?,629
Ask HN: What are you working on and why is it awesome? Please include URL,626
Ask HN: How many of you are open to Piracy again?,622
Ask HN: What interesting problems are you working on?,621
Ask HN: Is all of FAANG like this?,615
Ask HN: I'm writing a book about white-collar drug use, including tech sector,615
Ask HN: Those making $500/month on side projects in 2022 – Show and tell,610
Ask HN: Feasible Alternative to the MacBook Pro?,602
Ask HN: What are some tools / libraries you built yourself?,602
Ask HN: What technologies did you learn in 2018?,601
Ask HN: How would you turn Twitter around?,601
Ask HN: Great fiction books that have had a positive impact on your life?,584
Ask HN: What's a side project you built to make money that hasn't?,584
Ask HN: How did you stop drinking?,584
Ask HN: How do I deal with the first sexual harassment complaint at my startup?,581
Ask HN: What's the largest amount of bad code you have ever seen work?,579
Ask HN: Who wants to be hired? (April 2020),571
Ask HN: What has HN given you?,570
Ask HN: Projects that don't make you money but you're doing it out of sheer joy?,569
Ask HN: Those making $0/month or less on side projects – Show and tell,568
Ask HN: Idea Sunday,566
Ask HN: What things have richly rewarded the time invested in mastering them?,564
Ask HN: What did you work on in 2017?,562
Ask HN: How is the job search coming along for people who got laid off?,560
Ask HN: What's your favorite way of getting a web app up quickly in 2018?,559
Ask HN: Programs that saved you 100 hours? (2022 edition),559
Ask HN: Who Is Firing?,558
Ask HN: What are some of the best documentaries you've seen?,555
Ask HN: We have a great team and capital but can't find a good idea,552
Ask HN: Am I going insane or is there genuinely no value in blockchain tech?,549
Ask HN: Have you ever thought of leaving programming for something else?,548
Ask HN: Advice that changed your life?,548
Ask HN: Have you experienced “hiring fraud?”,547
Ask HN: If you used to be socially awkward and shy, how did you improve?,543
Ask HN: What is the best money you have spent on professional development?,540
Ask HN: Why the Microsoft hate?,539
Ask HN: How are you preparing for COVID-19 disruptions?,539
Ask HN: What under-the-radar technology are you excited about?,535
Ask HN: What do you struggle with?,533
Ask HN: Where can I live off 1k USD per month?,533
Ask HN: What was the biggest contributor to your happiness in the past year?,532
Ask HN: Am I the longest-serving programmer – 57 years and counting?,531
Ask HN: Anyone else burnt out due to extended lockdown and work-from-home?,529
Ask HN: What feature did you find after years of using macOS?,529
Ask HN: What are your favorite developer-efficiency tips?,522
Ask HN: What book changed your life?,522
Ask HN: What should we fund at YC Research?,522
Ask HN: What is the thing you've built that you regret the most?,518
Ask HN: Is there a developer laptop that does not suck and is not a Mac in 2022?,518
Ask HN: Programs that saved you 100 hours?,516
Ask HN: Best book / resources on leadership, especially for tech teams?,515
Ask HN: Thoughts on new GitHub layout?,514
Ask HN: Which tools have made you a much better programmer?,514
Ask HN: What book have you given as a gift?,514
Ask HN: For those programming 10+ years, what do you wish you knew 4 years in?,513
Ask HN: Developers with kids, how do you skill up?,511
Ask HN: I'm 40 and feel my mental ability declining. Programming seems harder.,509
Ask HN: What to do after $8M (all cash, post tax) exit?,508
Ask HN: Who wants to collaborate?,506
Ask HN: Do you recall any book or course that made a topic finally click?,504
Ask HN: Do you have a side project you want to sell?,502
Ask HN: Strategies to land fully remote $250k+ job,500
Ask HN: Burnt-out, directionless but want to turn it around,499
Ask HN: What can be done to prevent a climate catastrophe?,499
Ask HN: Are there any 4K “dumb” televisions?,497
Ask HN: Are there any reasonable alternatives to MacBook Pro for developer?,496
Ask HN: At a peak of my dev career, I hate my life,496
Ask HN: What is the most unethical thing you've done as a programmer?,495
Ask HN: What do you want to learn in 2017?,494
Ask HN: Has Google search become quantitatively worse?,493
Ask HN: What's your favorite elegant/beautiful algorithm?,491
Ask HN: How happy are you working as a programmer?,491
Ask HN: Are you depressed?,490
Ask HN: Why is building Windows apps so complicated?,489
Ask HN: Who wants to collaborate?,488
Ask HN: My boss doesn't think I'm doing good work, how to proceed?,488
Ask HN: Why isn't remote work advertised as a pro environment initiative?,487
Ask HN: Cheapest/easiest way to host a static site?,486
Ask HN: What are examples of companies dying due to many people quitting?,486
(http://www.strawpoll.me/22152225),485
Ask HN: I have $450K cash, what should I do to maximize my return?,484
Ask HN: Why is Microsoft Teams still so bad?,480
Ask HN: What things has tech made worse in your life?,480
Ask HN: I don't want to be a founder anymore,479
Ask HN: Why not more hiring of junior devs, then on-the-job-training?,479
Ask HN: Why doesn't anyone create a search engine comparable to 2005 Google?,477
Ask HN: What huge mistake did you make early in your career?,476
Ask HN: What to do about ‘Good at programming Bad at Leetcode’,476
Ask HN: Strategies for working with engineers that are too smart?,474
Ask HN: Women in tech, how do you find non-toxic work environments?,474
Ask HN: What are some available force multipliers that most people don't know?,474
Ask HN: I'm a software engineer going blind, how should I prepare?,473
Ask HN: Why did you leave the tech industry?,473
Ask HN: What was the best decision you made in your career?,473
Ask HN: Have you ever regretted working on a product?,472
Ask HN: What Apple alternatives are you switching to?,470
Ask HN: Does anybody still use bookmarking services?,469
Ask HN: What is your favorite HN post?,469
Ask HN: Is there a new habit you cultivated recently that is really paying off?,468
Ask HN: What made your business take off that you wish you'd done much earlier?,467
Ask HN: What was being a software developer like about 30 years ago?,467
Ask HN: Side projects that are making money, but you'd not talk about them?,463
Ask HN: A New Decade. Any Predictions? (2010),460
Ask HN: YouTube down?,457
Ask HN: How do you deal with rude interviewers?,457
Ask HN: What's on your home server?,456
Ask HN: What is your favorite internet rabbit hole?,454
Ask HN: Tools you have made for yourself?,454
Ask HN: What is your best advice for a junior software developer?,453
Ask HN: Ads triggered by WhatsApp “end to end encrypted” messages?,453
Ask HN: What's a side project you built to make money that hasn't?,452
Ask HN: Those who quit their jobs to travel the world, how did it go?,450
Ask HN: Those making $500+/month on side projects in 2023 – Show and tell,448
Ask HN: Boring but important tech no one is working on?,448
Ask HN: How do you trust that your personal machine is not compromised?,447
Ask HN: Any job boards and age-friendly companies for older developers?,446
Ask HN: Dark mode for HN please?,445
Ask HN: Do you still use browser bookmarks?,445
Ask HN: Startup acquired by a large company and it sucks. What to do?,444
Ask HN: Who wants to be hired? (August 2020),444
Ask HN: Is TypeScript worth it?,443
Ask HN: Go-to web stack today?,442
Ask HN: Why did your startup fail and what did you learn?,440
Ask HN: How did you decide what problems to solve in your lifetime?,439
Ask HN: Ex-FAANG developers, where are you now and why?,436
Ask HN: People who use different emails everywhere, who sold you to spammers?,434
Ask HN: What Technologies to Learn in 2020?,433
Ask HN: What is the best income stream you have created till date?,433
Ask HN: Who is firing?,432
Ask HN: Who operates at scale without containers?,432
Ask HN: How much recurring income do you generate, and from what?,432
Ask HN: Favorite note-taking software?,429
Ask HN: Who wants to be hired right now?,427
Ask HN: Are you working on interesting technical problems?,426
Ask HN: Who's not sucky to work for?,426
Ask HN: What are we doing about Facebook, Google, and the closed internet?,424
Ask HN: What is the most exciting development in your field right now?,424
Ask HN: Any certification that is worth it? Legitimately helped your career?,424
Ask HN: What people skills do you wish you learned earlier in your career?,423
Ask HN: What's the hardest problem you've ever solved?,422
Ask HN: What bits of fundamental knowledge are productivity multipliers?,419
Ask HN: What can you realistically manufacture in your garage?,418
Ask HN: Urgent connection to Twitter support,417
Ask HN: If Kubernetes is the solution, why are there so many DevOps jobs?,416
Ask HN: What up with these startup salaries?,416
Ask HN: Have we screwed ourselves as software engineers?,415
Ask HN: What's your working day like?,415
Ask HN: Co-founder wants me to leave but won't entertain a buy out offer,413
Ask HN: Are you a “lifer”? If so why?,410
Ask HN: What are your favorite examples of elegant software?,410
Ask HN: How do you deal with professional jealousy and getting older?,409
Ask HN: Am I getting older or did typing on the iPhone become unbearable?,407
Ask HN: Where are all the parties?,407
Ask HN: Is Anyone Else Tired of the Self Enforced Limits on AI Tech?,403
Ask HN: What overlooked class of tools should a self-taught programmer look into,402
Ask HN: What's your proudest hack?,402
Ask HN: Quitting Big Tech, what is it like?,400
Ask HN: How was life for a regular dev during the dot com burst?,400
Ask HN: Feeling guilty for doing the bare minimum at work,398
Ask HN: What happened to vanilla HTML/CSS/JS development?,397
Ask HN: Is there a TV on the market without “Smart TV” features?,396
Ask HN: Why can't I host my own email?,396
Ask HN: Firefox connection problems after enabling DoH?,395
Ask HN: What do you think about the no-code movement?,395
Ask HN: 2018 Summer Reading List?,391
Ask HN: Are books worth it?,391
Ask HN: What made you change your mind about a programming language/paradigm?,391
Ask HN: Single Person startup/company?,389
Ask HN: What are the best unknown books you have read?,388
Ask HN: Best Command-Line Applications?,384
Ask HN: How did you fix your narcissism?,384
Ask HN: Why is everything changing too fast?,381
Ask HN: What's the most life-changing blog post you've ever read?,380
Ask HN: What is the most beautiful piece of code you've ever read?,379
Ask HN: What mistakes in your experience does management keep making?,379
Ask HN: How can I do social good through programming?,376
Ask HN: What's the coolest website you know?,375
Ask HN: I have diagnosed ADHD and cannot work with Slack anymore – advice?,375
Ask HN: What is your system for backing up family photos and video?,375
Ask HN: Which books have made you introspect?,374
Ask HN: Can we create a new internet where search engines are irrelevant?,374
Ask HN: Favourite open source game?,373
Ask HN: How are you holding up?,373
Ask HN: Was the Y2K crisis real?,371
Ask HN: I bought Voltaren at the chemist, now Google shows me ads for it. Why?,370
Ask HN: Is it 'normal' to struggle so hard with work?,369
Ask HN: Are we overcomplicating software development?,368
Ask HN: Who wants to be hired?,368
Ask HN: Why are toggle switches replacing checkboxes? Isn't on/off less obvious?,367
Ask HN: What are your “brain hacks” that help you manage everyday situations?,366
Ask HN: How would you store 10PB of data for your startup today?,366
Ask HN: How can I pick a side project and stick with it?,364
Ask HN: One-person SaaS apps that are profitable?,358
Ask HN: What happens to older developers?,358
Ask HN: When did tech stop being cool?,358
Ask HN: Has anyone migrated off containerized infrastructure?,357
Ask HN: Has anyone managed to find enjoyment in their work after burnout?,356
Ask HN: What is your favorite method of sending large files?,354
Ask HN: Should I publish my research code?,353
Ask HN: Why do some people not communicate clearly?,353
Ask HN: What are weird and/or novel ways to do web UIs?,351
Ask HN: Anyone making a living building desktop applications?,350
Ask HN: Software Engineer hitting 40: what's next?,349
Ask HN: Why are some YC startups not posting salary ranges when law requires it?,348
Ask HN: Why don't companies hire programmers for fewer hours per day?,348
Ask HN: Internet magically gets faster when opening speedtest?,347
Ask HN: Books you read in 2018?,347
Ask HN: GPT-3 reveals my full name – can I do anything?,346
Ask HN: Who are your favorite poets?,344
Ask HN: Webdevs, designers: what devtools should we (Mozilla) build in Firefox?,343
Ask HN: How to deal with regret of not having kids,343
Ask HN: Azure has run out of compute – anyone else affected?,342
Ask HN: What are some niche communities you enjoy?,342
Ask HN: What are some tech companies that do not use an open floor plan?,342
Ask HN: Is it just me, or is CSS too damn hard?,340
Ask HN: When you feel stuck in life,339
Ask HN: A way to adblock “we're using cookies” popups?,338
Ask HN: Why have we accepted the cookie pop-up situation across the web?,338
Ask HN: Why doesn't YC list compensation for their own open positions?,338
Ask HN: What language-agnostic programming books should I read?,337
Ask HN: What tasks do you automate?,337
Ask HN: I feel so shallow and dumb when I see what other smart people are doing,336
Ask HN: What do you self-host?,335
Ask HN: How much recurring income do you generate and from what?,335
Ask HN: Best introductory video courses on ML and Deep Learning?,334
Ask HN: My house might burn down in the next 24 hours. Suggestions?,333
Ask HN: Codebase at my work is a complete mess, what should I do?,333
Ask HN: As a person, what can I do to improve a city?,332
Ask HN: Which non-technology book has influenced you the most and why?,332
Ask HN: People who completed a bootcamp 3+ years ago: what are you doing now?,332
Ask HN: Why is the Linux community struggling to implement hibernation?,332
Ask HN: Why is Docusign a $50B company?,332
Ask HN: Favorite nonfiction books of 2018?,331
Ask HN: What VPN service are you currently using?,331
Ask HN: If I get locked out of everything, please try to help me,330
Ask HN: Sell my startup for $14M because I can't raise $2M?,330
Ask HN: How to rediscover the joy of programming?,329
Ask HN: How do I reach making $1-1.5k/mo in 13 months?,329
Ask HN: I love programming but hate the industry. Can anyone relate?,328
Ask HN: Is there a modern “power on to basic” computer, for kids to learn on?,328
Ask HN: How do detect a crappy boss / toxic environment when interviewing?,327
Ask HN: What is the cheapest, easiest way to host a cronjob in 2022?,326
Ask HN: Have you used SQLite as a primary database?,325
Ask HN: Who regrets choosing Elixir?,324
Ask HN: Why can’t I block all incoming calls that aren’t in my contact list?,324
Ask HN: Have you ever worked on a product that was killed by technical debt?,324
Ask HN: What novel tools are you using to write web sites/apps?,322
Ask HN: How to optimize your career for happiness?,321
Ask HN: Books you read in 2016?,321
Ask HN: What could a modern database do that PostgreSQL and MySQL can't,321
Ask HN: Books you plan to read in 2020?,320
Ask HN: Why can't I learn anymore?,320
Ask HN: Companies of one, what is your tech stack?,320
Ask HN: Who has been laid off?,319
Ask HN: A major USA bank is storing passwords in cleartext – what to do?,318
Ask HN: How's the job hunt going? (For those laid off),318
Ask HN: Math books that made you significantly better at math?,317
Ask HN: What do you want to see in Debian 10 (“buster”)?,317
Ask HN: YouTube Channels for the Intellectually Curious,316
Ask HN: What are these low quality “code snippet” sites?,316
Ask HN: Is the past disappearing on the web?,316
Ask HN: Physicists of HN, what are you working on these days?,316
Ask HN: So you moved off Heroku, where did you go?,316
Ask HN: Solo-preneurs, how do you DevOps to save time?,316
Ask HN: What are the best MOOCs you've taken?,315
Ask HN: Anyone else quickly losing confidence in Amazon?,315
Ask HN: Generalist contractors, what is your hourly rate?,315
Ask HN: How do ADHD people cope on here?,315
Ask HN: Got a CS degree, but I’m unable to be programmer. What can I do?,315
Ask HN: I'm interested in so many disciplines, but what can I do with that?,314
Ask HN: What's your favorite illustration in computer science?,313
Ask HN: Have You Left Kubernetes?,313
Ask HN: Best business advice for software developers,312
Ask HN: Why does Pinterest dominate Google text search results?,312
Ask HN: Best book you read in 2011,310
Ask HN: Dear open source devs how do you sustain yourself,309
Ask HN: I was hit with a patent troll lawsuit, how do I deal with it?,308
Ask HN: What are some examples of successful single-person businesses?,308
Ask HN: How do you switch off from work, particularly when working from home?,308
Ask HN: Was anyone working at Apple during Steve Jobs' return in 1997?,307
Ask HN: How much recurring income do you generate, and from what?,306
Ask HN: Alternatives to Google Photos?,306
Ask HN: Is having a personal blog/brand worth it for you?,306
Ask HN: Was 20% time a good policy for Google's working culture?,304
Ask HN: What are you reading to make sense of the economy?,303
Ask HN: What weird technical scene are you fond/part of?,303
Ask HN: How to self-learn electronics?,302
Ask HN: Is it possible to run your own mail server for personal use?,299
Ask HN: Should we own the free stuff we pay for?,299
Ask HN: CS, still a good career in 3-5 years?,299
Ask HN: How to deal with constantly getting cut off in work discussions?,299
Ask HN: I'm a chronic procrastinator  how do I break it?,299
Ask HN: Why would a government have created bitcoin?,298
Ask HN: What tone to use in code review suggestions?,298
Ask HN: How do you share/organize knowledge at work and life?,296
Ask HN: I've been a programmer for 6 years, and I can't solve basic CS problems,296
Ask HN: Recommend one book I need to read this summer?,296
Ask HN: What are you thankful for?,295
Ask HN: Can I see your scripts?,294
Ask HN: What is your passive income 2019?,294
Ask HN: What are the best personal project websites you've seen?,293
Ask HN: Are you put off building something because it already exists?,292
Ask HN: What happened to Twitter poison pill?,292
Ask HN: Someone is proxy-mirroring my website, can I do anything?,291
Ask HN: How do you organize everything you want to do?,288
Ask HN: Over 60 = no engineering jobs?,288
Ask HN: What's is your go to toolset for simple front end development?,288
Ask HN: Are you satisfied with Elixir or do you regret choosing Elixir?,287
Ask HN: Ways to generate income when you're at home without pay?,287
Ask HN: Best alternative to Gmail?,286
Ask HN: New attempt at mobile markup – keep or bail?,286
Ask HN: What open source project, in your opinion, has the highest code quality?,286
Ask HN: Successful one-person online businesses?,286
Ask HN: How does onlyfans.com work around the “no porn” Stripe rule?,284
Ask HN: What book changed your life in 2014?,284
Ask HN: What piece of code/codebase blew your mind when you saw it?,284
Ask HN: How much recurring income do you generate, and from what?,283
Ask HN: Are you also getting extremely obvious spam bypassing Gmail's filters?,282
Ask HN: Alternative ways to make money with coding and system skills?,282
Ask HN: Google is confusing me with others in a harmful way – what can I do?,281
Ask HN: I was hired and unhired in 2 weeks, for no reason,281
Ask HN: How do you deal with professional envy?,281
Ask HN: What are your favorite low-coding apps / tools as a developer?,279
Ask HN: I will help your startup in exchange for food and a place to stay,279
Ask HN: What did your 'Show HN' project turn into?,279
Ask HN: Does anyone else find the AWS Lambda developer experience frustrating?,278
Ask HN: Weirdest hack that you ever saw in production?,278
Ask HN: What are some of the best books you have read in 2022?,278
Ask HN: How do you keep track of your creative thoughts?,278
Ask HN: How do you protect your children from internet addiction?,278
Ask HN: Huge enterprise customer wants to see our source code,277
Ask HN: How to negotiate continuing to work remotely?,277
Ask HN: What does mastery look like in software engineering?,277
Ask HN: Show your failed projects and share a lesson you learned,277
Ask HN: Best things in your bash_profile/aliases?,277
Ask HN: Google employees, why is G+ more important than your users?,277
Ask HN: What are the best websites that the Anglosphere doesn't know about?,276
Ask HN: What mental models do you use everyday?,276
Ask HN: What is the first thing you implement at a new company?,276
Ask HN: Working in tech for climate?,276
Ask HN: Own .com for 7 years, a new company trademarked my name registered .NET,274
Ask HN: CTO wants me to leave,274
Ask HN: Which book can attract anyone towards your field of study?,273
Ask HN: What is something you do for clients that consistently blows them away?,273
Ask HN: Anyone from Google here? The new Gmail UI is painful,273
Ask HN: Favorite Blogs by Individuals?,272
Ask HN: What's a build vs. buy decision that you got wrong?,272
Ask HN: What are the best textbooks in your field of expertise?,271
Ask HN: What do you talk about in 1-on-1s with your managers?,271
Ask HN: How do I switch from being a passive consumer to an active producer?,270
Ask HN: Books you wish you had read earlier?,270
Ask HN: Successful one-person online businesses in 2021?,270
Ask HN: What are the must-read books about economics/finance?,269
Ask HN: What are the “best” codebases that you've encountered?,269
Ask HN: What mistakes did you make when starting as a consultant/freelancer?,268
Ask HN: Successful one-person online businesses?,267
Ask HN: Let's build an HN uBlacklist to improve our Google search results?,267
Ask HN: Whatever happened to exploring the internet?,267
Ask HN: What are some hacks of real founders who did things that don't scale?,265
Ask HN: Has anyone ever been hired from “Who wants to be hired?” threads?,265
Ask HN: Whatever happened to Wolfram Alpha?,265
Ask HN: Which developers do you closely follow?,264
Ask HN: My GitHub account got suspended without any notice,263
Ask HN: Why does Zoom Desktop examine all processes and arguments?,263
Ask HN: What were your naivetés in your twenties?,263
Ask HN: I've realized I'm a bad software engineer and I'm over 30, what's next?,263
Ask HN: Why do I struggle to follow corporate meetings?,263
Ask HN: How do I overcome mental laziness?,262
Ask HN: Which books do you consider real gems in your field of work/study?,262
Ask HN: 16-hour work week jobs?,261
Ask HN: Why is Bluetooth so unreliable?,261
Ask HN: What's the best source code you've read?,261
Ask HN: Why is today's Internet experience so user hostile?,261
Ask HN: Why are e-ink note-taking devices so expensive compared to iPads?,259
Ask HN: Is the Great Resignation in tech real? If so, why?,259
Ask HN: Has anybody shipped a web app at scale with 1 DB per account?,258
Ask HN: What are some examples of beautiful software?,258
Ask HN: What is your favorite CS paper?,257
Ask HN: What was your experience starting a tech consultancy?,257
Ask HN: Is it me or ...?,256
Ask HN: What are some interesting projects to reuse your old devices?,256
Ask HN: What's your favorite tech talk?,255
Ask HN: Amazon software engineers, how is the work culture now?,255
Ask HN: Why does Cloudflare/hCaptcha care so much about buses, boats and trains?,254
Ask HN: Please stop writing tutorials/tech articles on Medium,253
Ask HN: I'm disabled and out of money. Now what?,253
Ask HN: Have you set up a procedure to disclose your passwords in case of death?,253
Ask HN: Good C++ code bases to read?,253
Ask HN: With recent layoffs, how would you advise new grads entering the market?,253
Ask HN: Advice for a new and inexperienced tech lead?,251
Ask HN: Jack-of-all-trades of HN, how do you approach job search?,250
Ask HN: What's the recommended method of adding authentication to a REST API?,249
Ask HN: Help – Locked out of 10 years Gmail account,249
Ask HN: Best books read in 2022?,249
Ask HN: Do you find working on large distributed systems exhausting?,249
Ask HN: How Do You Read?,248
Ask HN: Building a side project that makes money. Where to start?,248
Ask HN: What do you think about “The Social Dilemma”?,248
Ask HN: What startup/technology is on your 'to watch' list?,248
Ask HN: What books have made the biggest impact on your mental models?,247
Ask HN: Who really gives your personal info to Intelius, Instant Checkmate, etc?,247
Ask HN: Anyone making money through algorithmic trading?,245
Ask HN: Those making over $1K/month on side projects, what did you make?,245
Ask HN: What do you use to keep track of bookmarks/notes/snippets?,245
Ask HN: Best passive income method for a solo developer?,244
Ask HN: What has been your most rewarding job or project and why?,244
Ask HN: Those making $500+/month on side projects in 2017 – Show and tell,244
Ask HN: What's the one thing that let you grow the most as a developer?,243
Ask HN: What made your favorite manager/supervisor/CEO so great?,242
Ask HN: What things do you wish you discovered earlier?,242
Ask HN: I'm So Lonely,242
Ask HN: Which companies give programmers offices?,241
Ask HN: Is web development still a viable career choice?,240
Ask HN: Why are there no open source 2d printers?,240
Ask HN: How Can I Learn Music Theory?,239
Ask HN: How does your company manage its encryption keys?,238
Ask HN: How can we destroy AMP?,238
Ask HN: Should I testify?,238
Ask HN: I need ideas to impress fifth graders with technology,237
Ask HN: Which books have made you a better thinker and problem solver?,237
Ask HN: What are some of the best documentaries you've seen?,237
Ask HN: What are your favorite books or essays written at least 100 years ago?,237
Ask HN: What do you use for authentication and authorization?,236
Ask HN: Is there a better way to document complex software architectures?,235
Ask HN: I've lost faith in myself as a developer, how do I get it back?,235
Ask HN: Failed interview, feeling unemployable and depressed – what do I do?,234
Ask HN: How to break anxiety/fear-avoidance cycle?,234
Ask HN: Should I unplug my laptop charger at 100%?,234
Ask HN: Please share your experience teaching your kids to program,234
Ask HN: Your Favourite HN Comment?,232
Ask HN: How were video games from the 90s so efficient?,232
Ask HN: What are you learning?,231
Ask HN: Examples of great landing pages?,231
Ask HN: Which is the most successful one-person business you heard of in 2019?,231
Ask HN: Anonymous person sent proof of SSH access to our production server,231
Ask HN: How to found a company as a single founder?,231
Ask HN: What inspires you to persevere through adversity?,231
Ask HN: HNers with multiple sclerosis, can we get in touch?,230
Ask HN: Advice about aging parents,230
Ask HN: What are some books where the reader learns by building one project?,229
Ask HN: What are best tools for web scraping?,229
Ask HN: My client want an agent on my laptop. Is this the new normal?,229
Ask HN: 40+ Career Advice?,229
Ask HN: Insider history of the demise of Kodak?,229
Ask HN: Keybase Alternatives?,228
Ask HN: Is there a search engine which excludes the world's biggest websites?,228
Ask HN: Has anyone worked at the US National Labs before?,228
Ask HN: How to self-study mathematics from the undergrad through graduate level?,227
Ask HN: What's the current sentiment on JWT for stateless auth tokens?,227
Ask HN: Any good resources for finding software jobs abroad?,227
Ask HN: Your Passive Income Suggestions?,227
Ask HN: What should a systems/low-level software engineer know?,226
Ask HN: What interesting thought did you read on HN but couldn't find later?,226
Ask HN: What is an example of a super simple SaaS that is profitable?,225
Ask HN: My Microsoft account has been suspended by Microsoft without details,225
Ask HN: How do you continuously monitor web logs for hack attempts?,224
Ask HN: How do you make sure your servers are up as a single founder?,223
Ask HN: Recruiters want people who do side projects, yet contracts forbid them?,223
Ask HN: How do you manage self-study?,222
Ask HN: How can I remedy scatter brain and information overload?,222
Ask HN: Best books you read in 2012,222
Ask HN: Hacker claimed ownership and then deleted my Facebook Page of 50k users,221
Ask HN: My startup has basically failed. What now?,220
Ask HN: How to organize personal knowledge?,220
Ask HN: Should I create a clone of a popular SaaS with rock-bottom pricing?,220
Ask HN: Have you built a house?,220
Ask HN: I don't enjoy being a CTO.  Now what?,219
Ask HN: My wife might lose the ability to speak in 3 weeks – how to prepare?,217
Ask HN: Anyone else find the new Gmail interface sluggish?,216
Ask HN: What is so great about Bloomberg Terminal?,216
Ask HN: My 56-year-old father is a developer having a tough time finding a job,216
Ask HN: How to keep my daughter busy while tickling her curiosity,215
Ask HN: I've been promoted to Architect. What do I need to learn/do to excel?,215
Ask HN: I want to be an expert in many things but my lifetime won't be enough,215
Ask HN: Is it just me? why is “news” so addictive?,215
Ask HN: What are the signs that you have a great manager?,214
Ask HN: Can we talk about FreeBSD vs. Linux?,214
Ask HN: Have you regretted making something open-source?,214
Ask HN: The “I want to do everything but end up doing nothing” dilemma,213
Ask HN: Good ways to capture institutional knowledge?,213
Ask HN: What's Up with Google?,213
Ask HN: Why is there a chip shortage?,213
Ask HN: I work for AWS. How do I encourage change for Amazon warehouse workers?,213
Ask HN: Which tool do you use to create beautiful diagrams?,212
Ask HN: What do you use to align your daily todos with your long term goals?,212
Ask HN: How to speak like a leader, not like an engineer?,211
Ask HN: We are shutting down our startup, I get our code. What now?,211
Ask HN: Is Georgia Tech's Online Master in CS Worth It?,210
Ask HN: What are the best product landing pages you've stumbled upon?,210
Ask HN: What did you do after quitting the IT industry and how have things been?,210
Ask HN: What are some good technology blogs to follow?,209
Ask HN: Google Doc email virus?,209
Ask HN: Burned Out. What Now?,209
Ask HN: How to self-learn math?,208
Ask HN: What job can a “jack of all trades” look for?,207
Ask HN: How do I make sure my non-technical parents are safe online?,207
Ask HN: Is there any money in website design for small businesses anymore?,205
Ask HN: The book that did it for you in math and/or CS?,205
Ask HN: In 2022, what is the proper way to get into machine/deep learning?,204
Ask HN: Book recommendations for understanding financial systems?,204
Ask HN: How do you find freelance work?,204
Ask HN: Books that teach programming by building a series of small projects?,203
Ask HN: How to find profitable side project idea?,202
Ask HN:  Does reading HN ever make you feel like shit?,202
Ask HN: Agriculture startups doing interesting work?,202
Ask HN: What do you do when your entire being opposes the task at hand?,201
Ask HN: Have you shipped anything serious with a “serverless” architecture?,201
Ask HN: Just got an innocent man out of prison. What now?,200
Ask HN: Advice for finding an entry-level remote job?,199
Ask HN: Your favourite tutorial for total beginners?,199
Ask HN: What were your most impactful podcast episodes from 2019?,199
Ask HN: How do I learn C properly?,199
Ask HN: How do you manage UI/UX for your side projects?,199
Ask HN: A Good Alternative for ReCaptcha?,199
Ask HN: Do you have a profitable side project? How long did it take to achieve?,197
Ask HN: How to learn best practices when you have no one to teach you?,196
Ask HN: How to get web development career on track from being homeless?,196
Ask HN: Where is AI/ML actually adding value at your company?,195
Ask HN: As a team lead how to handle project going off the rails?,195
Ask HN: Microsoft SmartScreen is destroying our business,195
Ask HN: What company environment has enabled your best work?,195
Ask HN: Best talks of 2018?,194
Ask HN: Notion is withholding my company data, what can I do?,194
Ask HN: What's the best paper you've read in 2020?,193
Ask HN: Excluding WordPress, what is your favorite for blogs or small stores?,193
Ask HN: How to start earning $500/month in passive income in next 12-18 months?,193
Ask HN: What's the best technical talk you've heard?,192
Ask HN: What are the most fundamental books on computer science?,192
Ask HN: Has Cloudflare blocked your domain without explaining what's going on?,192
Ask HN: Can't concentrate to focus, until it's last minute or later,191
Ask HN: Favorite teachers on YouTube?,189
Ask HN: What HN post made you money?,189
Ask HN: I built a site that just went ridiculously viral. What do I do now?,188
Ask HN: What are the things that you have automated in your personal life?,187
Ask HN: Startup failed after years of work – Can I even get a job now?,187
Ask HN: Recommend a maths book for a teenager?,187
Ask HN: What's the best computer science book you've read recently?,186
Ask HN: What's left for early startup engineers as the company grows?,186
Ask HN: Any scientifically proven techniques to boost concentration?,186
Ask HN: Non-technical readers of HN, why are you here?,185
Ask HN: How can I get better at bash?,185
Ask HN: What Hacker News comments have you bookmarked?,184
Ask HN: Joining Big Tech in One’s 40s,184
Ask HN: What habits make a programmer great?,183
Ask HN: How did you acquire your first 100 users?,183
Ask HN: How can I work towards building a company while employed?,183
Ask HN: Why do new browsers use Chromium instead of Firefox as their base?,183
Ask HN: Going from Developer to Manager. What should I know or learn?,182
Ask HN: 5 months and counting waiting for Coinbase customer support. Advice?,182
Ask HN: What is your go-to example for a good REST API?,182
Ask HN: Is it just me or is the AMP project making everything slower?,182
Ask HN: Solo devs, how do you plan your development?,182
Ask HN: Old CS lecturer looking for advice from current and recent students,181
Ask HN: What are some good resources to learn how electricity works?,180
Ask HN: I'm lonely. Are there any video chat support groups for solo founders?,180
Ask HN: Who has started a business because they couldn't get hired for work?,179
Ask HN: Did any Show HN posts turn into successful startups?,179
Ask HN: What are some books where the reader learns by building projects?,178
Ask HN: How to self-study physics?,177
Ask HN: What are the most interesting emerging fields in computer science?,177
Ask HN: How do you become productive in a new project as a senior developer?,177
Ask HN: Resources to grok Emacs and use it well?,176
Ask HN: How do you set prices?,175
Ask HN: What are some examples of good database schema designs?,175
Ask HN: How do you learn complex, dense technical information?,175
Ask HN: Were you happy moving your API from REST to GraphQL?,175
Ask HN: How to Be a Good Technical Lead?,174
Ask HN: Apart from Hacker News, what else you read?,174
Ask HN: How much ad revenue you make from your side project?,174
Ask HN: Resources for introverted devs to learn workplace politics?,174
Ask HN: Best way to learn modern C++?,173
Ask HN: What does your BI stack look like?,173
Ask HN: When do you know your startup has failed?,173
Ask HN: How to learn math from zero for adults?,172
Ask HN: What is your favorite YouTube channel for developers?,171
Ask HN: Are there books for mathematics like Feynman's lectures on physics?,171
Ask HN: What are some of the best technical talks you've heard?,171
Ask HN: How to prepare as soon-to-be blind developer?,171
Ask HN: How do you stay disciplined in the long run?,171
Ask HN: How do you organise/integrate all the information in your life?,171
Ask HN: How will you manage your digital assets when you die?,171
Ask HN: Best Talks of 2020?,170
Ask HN: Can I see your cheatsheet?,169
Ask HN: As a data scientist, what should be in my toolkit in 2018?,169
Ask HN: Do we need a Google Customers Union? Could it work?,169
Ask HN: Serious mathematics books that can replace a good teacher?,169
Ask HN: I'm quadriplegic  can you help me with my security?,168
Ask HN: Tools or sites you use to scope out a workplace before taking a job?,167
Ask HN: How do you deal with loss of motivation?,167
Ask HN: Who wants to help promote RSS?,167
Ask HN: Best Way to Contact YouTube,166
Ask HN: Has anyone here worked on the Windows kernel?,166
Ask HN: Has any progress been made on large format E-ink displays?,166
Ask HN: What are the things keep in mind while giving/preparing for a tech talk?,166
Ask HN: Why is nearing completion so demotivating?,165
Ask HN: What source code is worth studying?  ,165
Ask HN: How to price yourself?,165
Ask HN: Is there a platform for sharing ideas that people want to “give away”?,165
Ask HN: I'm lost. Please help,164
Ask HN: I think I’ve burnt out. What should I do?,164
Ask HN: How to find a mental health professional?,164
Ask HN Mods: Why Do You Completely Change What Users Submit?,163
Ask HN: What collaborative whiteboard are you using?,163
Ask HN: Anybody Started a Research Institute?,163
Ask HN: Tools of the trade, 2013 edition,162
Ask HN: What sites do you use to find contract work?,162
Ask HN: What are some examples of good code?,162
Ask HN: Is the concept of a one-person software shop still viable?,161
Ask HN: How to become a remote contractor?,160
Ask HN: What's your favorite online course?,159
Ask HN: Where can I buy real software companies?,158
Ask HN: What's your top growth strategy that helped grow your startup?,158
Ask HN: What books had the greatest effect on how you structure your code?,158
Ask HN: What are you thankful for?,158
Ask HN: How to level up your technical writing?,158
Ask HN: Top Coursera Courses?,157
Ask HN: Looking for side project ideas,157
Ask HN: Can we please slow down the stories about Edward Snowden?,155
Ask HN: What is the dark side of working at a successful startup?,155
Ask HN: My Google account was hacked, Google says they can't help,155
Ask HN: How do I learn math/physics in my thirties?,154
Ask HN: What is the actual purpose of Docker?,154
Ask HN: What do you do in your 1-on-1s with your direct reports?,153
Ask HN: Computer Science/History Books?,153
Ask HN: Which sites you visit on a regular basis for knowledge and inspiration?,153
Ask HN: I Have Cancer. What Should I Do?,153
Ask HN: Is HN having problem keeping up today?,152
Ask HN: What do top engineers you know do that others don't?,152
Ask HN: Small product, single founder success stories? ,152
Ask HN: What are the best tools for web scraping in 2022?,151
Ask HN: How do you use Docker in production?,151
Ask HN: What's the best book on modern UI/UX?,150
Ask HN: How to learn to sell?,150
Ask HN: Good open source alternatives to Google Analytics?,150
Ask HN: Which Berkeley Courses Should I Archive?,148
Ask HN: Am I just a wantrepreneur?,148
Ask HN: How can a front-end developer dive into machine learning?,148
Ask HN: What code samples should programmers read?,148
Ask HN: How to validate a startup idea whilst employed?,148
Ask HN: What is your favourite tech talk?,147
Ask HN: How to find work while homeless?,147
Ask HN: Companies who adopted React Native over a year ago, do you regret it?,145
Ask HN: What hyper-focused industry newsletters do you enjoy?,145
Ask HN: What are good solo developer blogs that you enjoy reading?,144
Ask HN: How Belarus can keep connected despite internet blackout?,144
Ask HN: $1k+ side projecters, what was the best thing you did to market it?,143
Ask HN: Best free compute and other resources for startups?,143
Ask HN: What are your favourite self-hosted tools?,143
Ask HN: Haven't worked for a while, best guide/advice to start a hobby project?,142
Ask HN: Do you ever contact people who have had a positive impact on you?,141
Ask HN: What tech blogs, podcasts do you follow outside of HN?,141
Ask HN: Examples of good technical writing?,141
Ask HN: What are your favorite YouTube channels to learn stuff?,140
Ask HN: How do you review code?,140
Ask HN: Great Blogs by Programmers,140
Ask HN: Considerations when asked to write a book?,139
Ask HN: What's your favorite HN post?,138
Ask HN: Is freelance web development still a viable path in 2019?,138
Ask HN: Any good examples of learning through games/puzzles, for adults?,137
Ask HN: Google won't remove my site URL from random business using it on Maps,136
Ask HN: What maths are critical to pursuing ML/AI?,135
Ask HN: Recommend me a course on Coursera,135
Ask HN: Which companies have the best blogs written by their engineering team?,135
Ask HN: How do you get notified about newest research papers in your field?,135
Ask HN: How to become a millionaire in 3 years?,134
Ask HN: How to Take Good Notes?,134
Ask HN: Any other blind devs interested in working on dev tools for the blind?,133
Ask HN: Mailing lists that HN readers ought to know about?,133
Ask HN: Engineers from non-CS background, how did you pivot into ML/AI?,132
Ask HN: What is your ML stack like?,131
Ask HN: What are must-know concepts for back end development?,130
Ask HN: What was the best CS paper you read in 2017?,129
Ask HN: Are there any systematic and scientific ways to develop a habit?,128
Ask HN: Who are your favourite people to follow on Mastodon?,128
Ask HN: Your favorite YouTube channels?,128
Ask HN: How did my LastPass master password get leaked?,127
Ask HN: Non-cloud voice recognition for home use?,127
Ask HN: Reading material on how to be a better software engineer?,127
Ask HN: Fastest way to make $300-400 a month online?,127
Ask HN: Move to product management at 35?,127
Ask HN: “Tank man” image search blocked on Bing and DuckDuckGo,126
Ask HN: How to get started with machine learning?,125
Ask HN: How do you find clients when you have no network and can only do remote?,125
Ask HN: How to properly manage a product roadmap?,123
Ask HN: How or where to begin learning mathematics from first principles?,123
Ask HN: How to move beyond “freelancer”?,123
Ask HN: How to increase self-discipline as a self-employed person?,122
Ask HN: Best dev tool pitches of all time?,122
Ask HN: How to come up with monetizable side project ideas?,121
Ask HN: Maybe I kind of suck as a programmer – how do I supercharge my work?,121
Ask HN: I have ssh, they have ssh, how can we chat?,121
Ask HN: How to Teach Coding?,121
Ask HN: How to get started with audio programming?,120
Ask HN: How do you decide when you've done enough work for the day?,120
Ask HN: What programming blogs do you read daily?,119
Ask HN: Full-on machine learning for 2020, what are the best resources?,118
Ask HN: Top three questions for a startup before accepting a job offer?,118
Ask HN: Resources to learn blockchain and smart contracts?,116
Ask HN: How do you find the weird parts of the web?,115
Ask HN: Resources/Steps for Becoming a Consultant?,114
Ask HN/PG: Why are comments being paginated?,114
Ask HN: What are some great personal blogs/portfolios?,114
Ask HN: What makes a good technical leader – any recommended books?,114
Ask HN: What are some of the best job boards you have seen (any industry)?,113
Ask HN: What are the foundational texts for learning about AI/ML/NN?,113
Ask HN: How do I start my own consulting firm?,112
Ask HN: What agenda do you have for 1:1 meetings with your supervisor?,112
Ask HN: Help, HN'er in trouble, we need a laywer in Delhi immediately,111
Ask HN: Why do some timestamps on HN have a full stop at the end?,111
Ask HN: Senior Positions Interview Prep Resources?,111
Ask HN: How do B2B startups sell to corporations?,110
Ask HN: How do I make the move to consultant?,110
Ask HN: What are the best practises for using SSH keys?,110
Ask HN: What are some great posts or articles about history of computing?,110
Ask HN: How to actually “talk to your customers”?,110
Ask HN: What's the best resource for learning modern x64 assembly?,109
Ask HN: Can the “Who is Hiring?” post include a bit about the interview process?,109
Ask HN: Profitable SaaS? How did you grow your business?,109
Ask HN: How do I get freelance developer jobs?,108
(http://pastebin.com/1S4cD666),108
Ask HN: What’s your favorite talk from 2017?,107
Ask HN: How long has Google been censoring YouTube comments critical of China?,107
Ask HN: Any recommended resources to develop system thinking?,106
Ask HN: Successful one-person online businesses?,104
Ask HN: How to stop anxiety from too many choices?,104
Ask HN: What does your production machine learning pipeline look like?,103
Ask HN: Best books under 200 pages for developers?,102
Ask HN: Where can I see many examples of real companies' software architecture?,102
Ask HN: CS papers for software architecture and design?,99
Ask HN: Books giving practical advice on starting a solo SaaS business?,99
Ask HN: Amazon delisted me – what do I do?,97
Ask HN: What is the best online resource to learn advanced SQL?,97
Ask HN: Describe your first enterprise sale,96
Ask HN: High-Quality Online Degree for Mathematics?,96
Ask HN: Highest paying remote companies?,96
Ask HN: What are good reads for designing APIs?,96
Ask HN: Are you alone in San Francisco on Thanksgiving?,94
Ask HN: How do you create a successful community from zero?,94
Ask HN: How to make a career working remotely?,93
Ask HN: How to learn proper systems programming?,93
Ask HN: Books to read when you transform from SWE into SWE Management?,93
Ask HN: Which books teach mental models?,92
Ask HN: What is your favorite place to find work?,92
Ask HN: Best way to get started with AI?,91
Ask HN: What are some interesting papers in CS for a beginner?,91
Ask HN: Best books on AI?,91
Ask HN: What are the underrated newsletters you like reading?,91
Ask HN: What ways have worked for you to overcome 'imposter syndrome'?,90
Ask HN: How do you keep improving?,90
Ask HN: Suggestions for books about API design?,90
Ask HN: Best resources to gain math intuition?,89
Ask HN: What are the best advanced computer science courses online?,89
Ask HN: How do I choose the right resource to learn CS fundamentals?,89
Ask HN: How to start afresh in a new domain after years of expertise in another?,88
Ask HN: Best-architected open-source business applications worth studying?,88
Ask HN: Good books or articles on UI design?,86
Ask HN: What is the difference between Burnout/Depression/Laziness/Wrong job?,86
Ask HN: What are your favorite statistics and probability textbooks?,85
Ask HN: Best Talks of 2019?,84
Ask HN: Anyone know where Mark Pilgrim went?,84
Ask HN: What automation tools have you used to replace mundane activities?,83
Ask HN: “Write your own” or “Build your own” software projects,82
Ask HN: What book to read to get a footing in CS theory?,82
Ask HN: What unknown technical blogs or sites do you read?,81
Ask HN: How do I put together a computer for my blind mom?,78
Ask HN: What is your advice for a technical founder learning sales?,78
Ask HN: How do you promote your web apps?,78
Ask HN: Where can I find high-end stock images for a website?,77
Ask HN: What programming blogs do you follow?,77
Ask HN: How Sound Is the “Teach Yourself CS” Learning Resource?,76
Ask HN: What are the best books on modern computer graphics?,76
Ask HN admins: please stop editing submission titles,75
Ask HN: How to prepare for an Engineering Manager interview?,73
Ask HN: How did you build up your personal knowledge base?,73
Ask HN: A good primer on cryptocurrencies?,72
Ask HN: Good books/courses to learn networking essentials for web developers?,71
Ask HN: Where can one learn about the history of the internet and the protocols?,71
Ask HN: What niche blogs are worthwhile to follow?,68
Ask HN: What are the most uplifting comments you've read on HN?,67
Ask HN: What are your favourite developer blogs?,66
Ask HN: DevOps learning resources,64
Ask HN: Recommended books and papers on distributed systems?,63
Ask HN: Any recommended books on developing mental models?,61
Ask HN: What free resources did you use to learn how to program ML/AI?,51
Ask HN: What are the best resources for learning security and pen testing?,51
Ask HN: Are there any openly available software architecture documents?,49
Ask HN: What does your ML pipeline look like?,49
Ask HN: Should we agree that this account will submit all Who is Hiring posts?,47
Ask HN: How Can I Get into NLP (Natural Language Processing)?,43
Ask HN: What's the Hacker News for different industries?,40